{"cameraMode":{"drawMode":0,"name":"Shaded","section":"Shading Mode"},"sceneLighting":false,"audioPlay":false,"sceneViewState":{"showFog":true,"showMaterialUpdate":false,"showSkybox":false,"showFlares":true,"showImageEffects":true,"showParticleSystems":true},"in2DMode":false,"pivot":{"x":0.050000011920928958,"y":-7.710000038146973,"z":-1.0},"rotation":{"x":-0.043644461780786517,"y":-0.5010645389556885,"z":-0.025165017694234849,"w":0.8640202879905701},"size":0.44985413551330569,"orthographic":false}